ResNo,Gender,Race,AgeCat,CWrkStatus,IncomeRng,HLvlEdu,BankAcc,NrBnkTym,AccessP1,AccessP2,AccessP3,AccessP4,AccessC1,AccessC2,AccessC3,AccessC4,BnkMBServ,MainMBPForm,SU1,SU2,SU3,SU4,SU5,SU6,SU7,SU8,SU9,SU10,SU11,BPE1,BPE2,BPE3,BPE4,BEE1,BEE2,BEE3,BEE4,BSI1,BSI2,BSI3,BSI4,BPC1,BPC2,BPC3,BPC4,BPFC1,BPFC2,BPFC3,BPFC4,BFC1,BFC2,BFC3,BFC4,BPSE1,BPSE2,BPSE3,BPSE4,BBI1,BBI2,BBI3,CPE1,CPE2,CPE3,CPE4,CEE1,CEE2,CEE3,CEE4,CSI1,CSI2,CSI3,CSI4,CPC1,CPC2,CPC3,CPC4,CPFC1,CPFC2,CPFC3,CPFC4,CFC1,CFC2,CFC3,CFC4,CPSE1,CPSE2,CPSE3,CPSE4,CBI1,CBI2,CBI3
61,2,4,2,4,1,6,1,2,1,1,2,1,1,1,1,1,1,1,4,3,5,5,5,5,5,5,1,1,0,1,1,1,1,4,4,1,1,1,1,1,1,1,1,1,1,1,1,1,1,1,1,1,1,3,1,1,1,1,1,1,,,,,,,,,,,,,,,,,,,,,,,,,,,,,,,
1,2,2,5,3,1,4,1,2,1,2,2,1,2,2,2,2,2,0,0,0,0,0,0,0,0,0,0,0,0,0,0,0,0,0,0,0,0,0,0,0,0,0,0,0,0,0,0,0,0,0,0,0,0,0,0,0,0,0,0,0,3,3,4,3,4,4,1,1,4,4,4,3,3,3,3,3,4,2,1,3,5,5,5,3,4,4,4,4,5,4,2
3,1,2,3,2,1,3,1,1,1,2,2,2,2,2,2,2,2,0,0,0,0,0,0,0,0,0,0,0,0,0,0,0,0,0,0,0,0,0,0,0,0,0,0,0,0,0,0,0,0,0,0,0,0,0,0,0,0,0,0,0,4,4,2,1,4,3,3,4,2,2,2,1,2,2,2,4,4,4,4,2,4,4,3,2,1,2,3,2,1,1,4
4,1,2,4,2,1,3,1,2,2,2,2,2,2,2,2,2,2,0,0,0,0,0,0,0,0,0,0,0,0,0,0,0,0,0,0,0,0,0,0,0,0,0,0,0,0,0,0,0,0,0,0,0,0,0,0,0,0,0,0,0,3,2,1,2,4,2,3,4,5,5,4,4,4,4,2,4,3,2,3,2,3,2,3,2,3,1,1,2,3,2,3
5,2,2,1,1,1,4,1,1,2,1,2,1,1,2,2,2,2,0,0,0,0,0,0,0,0,0,0,0,0,0,0,0,0,0,0,0,0,0,0,0,0,0,0,0,0,0,0,0,0,0,0,0,0,0,0,0,0,0,0,0,1,1,1,1,3,3,3,3,4,4,2,2,2,4,4,4,3,3,3,3,4,2,3,3,2,2,2,2,4,4,2
10,1,2,2,2,1,3,1,3,2,2,2,1,2,2,2,2,2,0,0,0,0,0,0,0,0,0,0,0,0,0,0,0,0,0,0,0,0,0,0,0,0,0,0,0,0,0,0,0,0,0,0,0,0,0,0,0,0,0,0,0,1,2,3,3,3,3,2,2,4,4,4,5,1,3,3,3,3,3,3,3,4,4,4,2,2,2,2,2,4,3,2
11,1,1,4,2,1,4,1,1,1,1,2,2,2,2,2,1,2,0,0,0,0,0,0,0,0,0,0,0,0,0,0,0,0,0,0,0,0,0,0,0,0,0,0,0,0,0,0,0,0,0,0,0,0,0,0,0,0,0,0,0,4,4,4,4,4,4,4,4,4,4,4,4,4,4,4,4,4,4,4,4,4,4,4,4,4,4,4,4,4,4,4
12,1,2,1,2,1,4,1,1,2,2,2,1,1,2,2,2,2,0,0,0,0,0,0,0,0,0,0,0,0,0,0,0,0,0,0,0,0,0,0,0,0,0,0,0,0,0,0,0,0,0,0,0,0,0,0,0,0,0,0,0,2,1,1,3,5,5,1,2,4,5,5,5,3,4,4,5,3,2,2,4,5,5,5,3,2,2,2,2,4,4,3
15,2,2,6,5,1,2,1,1,1,2,2,2,2,2,2,2,2,0,0,0,0,0,0,0,0,0,0,0,0,0,0,0,0,0,0,0,0,0,0,0,0,0,0,0,0,0,0,0,0,0,0,0,0,0,0,0,0,0,0,0,3,3,3,3,2,2,4,2,2,2,2,2,3,3,3,3,3,3,3,3,4,2,3,3,2,2,2,3,4,4,3
18,1,2,5,4,1,2,1,3,1,2,2,2,2,2,2,2,2,0,0,0,0,0,0,0,0,0,0,0,0,0,0,0,0,0,0,0,0,0,0,0,0,0,0,0,0,0,0,0,0,0,0,0,0,0,0,0,0,0,0,0,3,3,3,3,3,3,3,3,4,4,4,,3,3,3,3,3,3,3,3,4,4,3,3,2,2,2,2,4,4,2
19,1,2,3,2,1,4,1,3,1,2,2,2,1,2,2,2,2,0,0,0,0,0,0,0,0,0,0,0,0,0,0,0,0,0,0,0,0,0,0,0,0,0,0,0,0,0,0,0,0,0,0,0,0,0,0,0,0,0,0,0,1,1,1,1,4,4,1,1,5,5,5,4,1,1,1,1,2,2,1,1,4,4,4,1,1,1,1,1,5,5,1
20,2,2,4,1,1,1,1,3,1,2,2,2,2,2,2,1,2,0,0,0,0,0,0,0,0,0,0,0,0,0,0,0,0,0,0,0,0,0,0,0,0,0,0,0,0,0,0,0,0,0,0,0,0,0,0,0,0,0,0,0,1,1,1,2,4,5,2,1,4,1,4,1,1,2,2,1,1,1,1,1,4,4,4,1,1,1,1,1,5,4,3
21,2,2,3,2,1,2,1,3,1,2,2,2,2,2,1,2,2,0,0,0,0,0,0,0,0,0,0,0,0,0,0,0,0,0,0,0,0,0,0,0,0,0,0,0,0,0,0,0,0,0,0,0,0,0,0,0,0,0,0,0,2,1,4,1,1,1,5,5,1,1,1,1,1,2,2,1,1,3,1,1,1,2,2,1,2,1,1,1,5,5,1
22,1,2,3,2,1,3,1,3,1,2,2,2,2,2,2,2,2,0,0,0,0,0,0,0,0,0,0,0,0,0,0,0,0,0,0,0,0,0,0,0,0,0,0,0,0,0,0,0,0,0,0,0,0,0,0,0,0,0,0,0,1,1,1,1,1,1,5,5,4,5,4,1,1,1,1,1,1,1,1,1,4,1,1,1,1,1,1,1,4,5,1
24,2,4,3,1,1,3,1,2,2,2,2,1,2,2,2,2,2,0,0,0,0,0,0,0,0,0,0,0,0,0,0,0,0,0,0,0,0,0,0,0,0,0,0,0,0,0,0,0,0,0,0,0,0,0,0,0,0,0,0,0,1,1,1,1,5,5,1,1,5,5,5,1,1,1,2,1,2,2,1,1,5,5,5,1,1,1,1,1,4,5,1
25,1,3,3,2,1,3,1,3,1,2,2,2,2,2,2,2,2,0,0,0,0,0,0,0,0,0,0,0,0,0,0,0,0,0,0,0,0,0,0,0,0,0,0,0,0,0,0,0,0,0,0,0,0,0,0,0,0,0,0,0,1,1,1,1,1,1,5,5,1,1,1,1,1,1,1,1,1,2,2,2,5,5,5,1,1,1,1,1,5,5,1
26,2,2,2,2,1,3,1,3,1,2,2,2,2,2,2,2,2,0,0,0,0,0,0,0,0,0,0,0,0,0,0,0,0,0,0,0,0,0,0,0,0,0,0,0,0,0,0,0,0,0,0,0,0,0,0,0,0,0,0,0,1,1,1,1,2,2,5,5,3,4,4,2,2,2,2,1,2,2,2,2,4,4,4,2,3,1,2,2,4,4,2
27,2,2,5,1,1,2,1,3,1,2,2,2,2,2,2,2,2,0,0,0,0,0,0,0,0,0,0,0,0,0,0,0,0,0,0,0,0,0,0,0,0,0,0,0,0,0,0,0,0,0,0,0,0,0,0,0,0,0,0,0,2,1,2,2,2,2,4,4,4,4,2,2,2,2,3,2,2,2,2,2,4,4,4,2,2,2,2,1,4,4,2
28,2,4,4,2,1,2,1,3,2,2,2,1,2,2,2,2,2,0,0,0,0,0,0,0,0,0,0,0,0,0,0,0,0,0,0,0,0,0,0,0,0,0,0,0,0,0,0,0,0,0,0,0,0,0,0,0,0,0,0,0,1,1,1,1,2,2,5,5,5,5,4,4,1,1,1,1,2,2,2,1,4,4,5,1,2,1,1,1,4,4,1
30,1,4,3,2,1,3,1,3,2,2,2,1,2,2,2,2,2,0,0,0,0,0,0,0,0,0,0,0,0,0,0,0,0,0,0,0,0,0,0,0,0,0,0,0,0,0,0,0,0,0,0,0,0,0,0,0,0,0,0,0,1,1,1,1,4,4,1,1,4,5,5,4,2,1,2,2,2,2,2,1,4,4,4,1,2,2,2,2,4,5,1
31,2,3,4,2,1,1,1,3,1,2,2,2,2,2,2,2,2,0,0,0,0,0,0,0,0,0,0,0,0,0,0,0,0,0,0,0,0,0,0,0,0,0,0,0,0,0,0,0,0,0,0,0,0,0,0,0,0,0,0,0,3,1,3,1,2,2,4,4,3,3,3,2,2,2,2,1,2,3,2,2,3,3,3,2,2,2,2,2,3,3,1
32,2,2,3,1,1,2,1,3,1,2,2,2,2,2,2,2,2,0,0,0,0,0,0,0,0,0,0,0,0,0,0,0,0,0,0,0,0,0,0,0,0,0,0,0,0,0,0,0,0,0,0,0,0,0,0,0,0,0,0,0,2,2,4,1,1,1,4,4,3,3,3,1,3,3,3,1,3,3,1,1,3,3,3,1,2,2,2,2,3,3,3
33,1,2,1,1,1,3,1,3,1,2,2,2,2,2,2,2,2,0,0,0,0,0,0,0,0,0,0,0,0,0,0,0,0,0,0,0,0,0,0,0,0,0,0,0,0,0,0,0,0,0,0,0,0,0,0,0,0,0,0,0,2,2,3,1,2,2,4,4,3,3,3,1,1,2,3,1,3,3,1,1,3,3,3,1,1,2,2,2,3,3,3
34,1,2,2,1,1,2,1,3,1,2,2,2,2,2,2,2,2,0,0,0,0,0,0,0,0,0,0,0,0,0,0,0,0,0,0,0,0,0,0,0,0,0,0,0,0,0,0,0,0,0,0,0,0,0,0,0,0,0,0,0,2,2,4,1,1,1,4,4,3,3,3,1,2,2,2,2,2,2,2,2,2,2,3,1,2,2,1,1,5,5,4
35,2,2,2,1,1,2,1,3,1,2,2,2,2,2,2,2,2,0,0,0,0,0,0,0,0,0,0,0,0,0,0,0,0,0,0,0,0,0,0,0,0,0,0,0,0,0,0,0,0,0,0,0,0,0,0,0,0,0,0,0,3,3,3,3,1,1,4,4,4,3,3,1,1,1,1,1,2,3,1,1,3,3,4,1,1,1,1,1,2,2,3
36,2,2,3,2,1,2,1,3,1,2,2,2,2,2,2,2,2,0,0,0,0,0,0,0,0,0,0,0,0,0,0,0,0,0,0,0,0,0,0,0,0,0,0,0,0,0,0,0,0,0,0,0,0,0,0,0,0,0,0,0,2,2,5,1,3,2,4,5,3,3,1,2,1,1,1,1,2,3,1,2,1,2,3,1,2,2,2,2,3,5,2
37,2,2,3,2,1,3,1,3,1,2,2,2,2,2,2,2,2,0,0,0,0,0,0,0,0,0,0,0,0,0,0,0,0,0,0,0,0,0,0,0,0,0,0,0,0,0,0,0,0,0,0,0,0,0,0,0,0,0,0,0,1,1,3,3,1,1,5,5,3,3,3,1,2,2,2,1,1,2,2,1,4,3,4,1,2,2,2,2,5,5,1
38,1,3,2,2,1,1,1,3,1,2,2,2,2,2,2,2,2,0,0,0,0,0,0,0,0,0,0,0,0,0,0,0,0,0,0,0,0,0,0,0,0,0,0,0,0,0,0,0,0,0,0,0,0,0,0,0,0,0,0,0,2,2,1,2,1,1,5,5,3,3,3,2,1,1,1,1,1,2,2,1,4,4,4,1,2,2,2,2,5,4,1
39,2,2,2,2,1,2,1,3,2,2,2,1,2,2,2,2,2,0,0,0,0,0,0,0,0,0,0,0,0,0,0,0,0,0,0,0,0,0,0,0,0,0,0,0,0,0,0,0,0,0,0,0,0,0,0,0,0,0,0,0,2,2,2,2,1,2,4,4,3,3,3,1,2,2,2,1,2,2,2,2,4,4,4,2,2,1,1,1,4,4,2
41,1,2,3,2,1,3,1,3,1,2,2,2,2,2,2,2,2,0,0,0,0,0,0,0,0,0,0,0,0,0,0,0,0,0,0,0,0,0,0,0,0,0,0,0,0,0,0,0,0,0,0,0,0,0,0,0,0,0,0,0,2,2,2,2,4,4,4,4,3,3,3,1,2,2,2,2,2,2,2,2,4,4,4,1,2,2,2,2,4,4,2
42,2,2,4,2,1,2,1,3,1,2,2,2,2,2,2,2,2,0,0,0,0,0,0,0,0,0,0,0,0,0,0,0,0,0,0,0,0,0,0,0,0,0,0,0,0,0,0,0,0,0,0,0,0,0,0,0,0,0,0,0,2,2,5,2,1,1,4,4,3,3,3,4,2,2,2,2,2,2,1,2,4,4,4,1,2,2,2,2,3,3,3
43,1,2,3,2,1,3,1,3,1,2,2,2,2,2,2,1,2,0,0,0,0,0,0,0,0,0,0,0,0,0,0,0,0,0,0,0,0,0,0,0,0,0,0,0,0,0,0,0,0,0,0,0,0,0,0,0,0,0,0,0,1,1,1,1,2,2,4,4,3,3,3,1,1,2,1,1,1,1,1,1,4,4,4,1,1,2,1,1,5,5,1
44,1,2,3,2,1,1,1,3,1,2,2,2,2,2,2,2,2,0,0,0,0,0,0,0,0,0,0,0,0,0,0,0,0,0,0,0,0,0,0,0,0,0,0,0,0,0,0,0,0,0,0,0,0,0,0,0,0,0,0,0,1,1,1,1,1,1,5,5,3,3,3,2,1,1,1,1,2,2,2,2,2,2,4,1,1,1,1,1,5,5,2
45,1,2,2,2,1,4,1,2,2,2,2,1,2,2,2,1,2,0,0,0,0,0,0,0,0,0,0,0,0,0,0,0,0,0,0,0,0,0,0,0,0,0,0,0,0,0,0,0,0,0,0,0,0,0,0,0,0,0,0,0,1,1,2,2,4,4,1,1,4,4,4,5,2,2,2,1,1,1,2,1,4,4,5,1,2,2,2,1,5,4,2
47,1,2,2,2,1,2,1,2,2,1,2,2,2,2,2,1,2,0,0,0,0,0,0,0,0,0,0,0,0,0,0,0,0,0,0,0,0,0,0,0,0,0,0,0,0,0,0,0,0,0,0,0,0,0,0,0,0,0,0,0,2,2,2,2,2,2,4,4,4,4,4,3,2,2,2,2,2,2,2,2,4,4,4,1,1,1,1,1,5,5,2
48,2,2,2,3,1,4,1,2,2,1,2,2,2,2,1,2,2,0,0,0,0,0,0,0,0,0,0,0,0,0,0,0,0,0,0,0,0,0,0,0,0,0,0,0,0,0,0,0,0,0,0,0,0,0,0,0,0,0,0,0,2,1,1,1,4,5,2,1,5,5,5,5,4,5,2,5,5,4,5,5,5,2,4,5,1,2,1,3,5,5,1
49,1,2,2,2,1,4,1,2,2,1,2,2,2,2,1,2,2,0,0,0,0,0,0,0,0,0,0,0,0,0,0,0,0,0,0,0,0,0,0,0,0,0,0,0,0,0,0,0,0,0,0,0,0,0,0,0,0,0,0,0,1,2,2,2,5,4,1,1,4,4,4,4,5,4,1,4,4,5,4,4,4,1,5,4,2,2,1,3,4,4,2
50,2,3,3,2,1,3,1,2,2,1,2,2,2,2,1,1,2,0,0,0,0,0,0,0,0,0,0,0,0,0,0,0,0,0,0,0,0,0,0,0,0,0,0,0,0,0,0,0,0,0,0,0,0,0,0,0,0,0,0,0,2,2,2,2,1,1,4,5,3,3,3,1,2,1,2,2,3,3,3,3,5,5,4,1,1,1,1,1,4,4,1
51,1,4,1,1,1,4,1,2,2,2,2,1,2,2,2,1,2,0,0,0,0,0,0,0,0,0,0,0,0,0,0,0,0,0,0,0,0,0,0,0,0,0,0,0,0,0,0,0,0,0,0,0,0,0,0,0,0,0,0,0,1,1,1,1,1,1,4,4,4,4,4,5,4,2,2,1,2,2,1,1,4,4,4,1,2,2,2,2,4,4,2
52,1,2,4,2,1,3,1,2,1,2,2,2,1,2,2,1,2,0,0,0,0,0,0,0,0,0,0,0,0,0,0,0,0,0,0,0,0,0,0,0,0,0,0,0,0,0,0,0,0,0,0,0,0,0,0,0,0,0,0,0,1,1,2,1,4,4,1,1,4,4,4,4,4,4,4,4,4,4,4,4,4,4,4,4,2,2,2,2,4,4,2
54,2,2,2,2,1,6,1,2,1,1,2,1,1,2,2,2,1,1,4,4,4,5,5,4,4,4,4,4,0,1,1,1,1,4,3,1,1,2,2,2,1,1,1,1,1,2,2,2,2,2,2,2,2,2,2,2,2,1,2,1,0,0,0,0,0,0,0,0,0,0,0,0,0,0,0,0,0,0,0,0,0,0,0,0,0,0,0,0,0,0,0
56,2,2,3,2,1,6,1,2,2,1,1,2,2,2,2,2,2,0,0,0,0,0,0,0,0,0,0,0,0,0,0,0,0,0,0,0,0,0,0,0,0,0,0,0,0,0,0,0,0,0,0,0,0,0,0,0,0,0,0,0,1,1,3,2,4,4,1,1,4,4,2,2,2,2,2,4,2,1,2,2,1,3,1,2,2,2,5,2,1,4,3
58,2,2,2,2,1,6,1,2,1,2,2,1,2,2,2,1,1,1,1,1,5,1,5,3,1,1,1,1,0,1,1,1,1,3,4,3,2,1,1,1,1,1,1,1,1,1,1,1,1,1,1,1,1,2,4,4,3,1,1,1,,,,,,,,,,,,,,,,,,,,,,,,,,,,,,,
62,2,2,3,2,1,4,1,2,1,1,2,1,2,2,2,1,1,3,1,1,5,1,5,1,1,4,1,1,0,1,1,1,1,1,1,1,1,1,1,1,1,1,1,1,1,1,4,1,1,1,1,1,1,2,2,3,2,1,1,1,,,,,,,,,,,,,,,,,,,,,,,,,,,,,,,
63,2,2,2,2,1,6,1,2,1,2,2,2,2,2,2,1,1,1,1,1,1,1,5,4,1,1,1,1,0,1,1,2,1,3,2,1,1,1,1,1,1,1,1,1,1,1,1,1,1,1,1,1,2,1,4,4,2,1,2,2,,,,,,,,,,,,,,,,,,,,,,,,,,,,,,,
64,2,2,2,2,1,6,1,2,1,2,2,2,2,2,2,1,1,1,1,1,1,1,5,3,1,1,1,1,0,1,1,2,1,2,2,3,1,1,1,1,1,1,1,1,1,1,1,1,1,1,1,1,1,1,4,4,1,1,1,1,,,,,,,,,,,,,,,,,,,,,,,,,,,,,,,
66,2,2,3,2,1,6,1,2,2,1,2,1,2,2,2,2,1,1,1,1,2,5,5,1,1,1,1,1,0,1,1,1,1,4,3,1,1,1,2,2,1,1,1,1,1,1,4,1,1,1,1,1,1,2,4,1,3,1,1,1,,,,,,,,,,,,,,,,,,,,,,,,,,,,,,,
67,1,3,3,2,1,2,1,3,1,2,2,2,2,2,2,2,2,0,0,0,0,0,0,0,0,0,0,0,0,0,0,0,0,0,0,0,0,0,0,0,0,0,0,0,0,0,0,0,0,0,0,0,0,0,0,0,0,0,0,0,2,2,2,2,2,2,4,5,4,3,3,1,2,1,3,1,3,3,3,1,4,4,4,1,1,2,2,2,2,4,2
69,2,2,4,1,1,1,1,3,1,2,2,2,2,2,2,2,2,0,0,0,0,0,0,0,0,0,0,0,0,0,0,0,0,0,0,0,0,0,0,0,0,0,0,0,0,0,0,0,0,0,0,0,0,0,0,0,0,0,0,0,2,1,2,2,1,1,5,5,4,4,4,1,2,2,2,2,2,3,2,2,4,4,3,1,2,1,3,1,2,4,3
73,1,2,3,2,1,4,1,1,2,2,2,2,2,2,2,2,2,0,0,0,0,0,0,0,0,0,0,0,0,0,0,0,0,0,0,0,0,0,0,0,0,0,0,0,0,0,0,0,0,0,0,0,0,0,0,0,0,0,0,0,2,2,2,2,2,2,4,4,3,2,2,2,2,2,2,2,3,3,2,2,2,4,3,2,2,2,2,1,2,3,3
74,2,2,2,2,1,3,1,3,1,2,2,2,2,2,2,1,2,0,0,0,0,0,0,0,0,0,0,0,0,0,0,0,0,0,0,0,0,0,0,0,0,0,0,0,0,0,0,0,0,0,0,0,0,0,0,0,0,0,0,0,2,2,2,2,2,2,4,4,4,4,4,2,2,1,1,1,2,3,2,1,4,4,4,1,2,2,2,2,2,3,4
77,2,2,2,2,1,3,1,3,2,2,2,1,2,2,2,2,2,0,0,0,0,0,0,0,0,0,0,0,0,0,0,0,0,0,0,0,0,0,0,0,0,0,0,0,0,0,0,0,0,0,0,0,0,0,0,0,0,0,0,0,1,1,3,2,2,1,5,5,3,3,3,1,4,4,4,1,2,1,1,2,3,4,3,1,2,2,2,1,3,3,3
78,2,2,2,2,1,4,1,3,2,1,2,2,2,2,2,1,2,0,0,0,0,0,0,0,0,0,0,0,0,0,0,0,0,0,0,0,0,0,0,0,0,0,0,0,0,0,0,0,0,0,0,0,0,0,0,0,0,0,0,0,2,2,2,2,2,2,4,4,3,3,3,2,2,2,2,2,2,3,1,2,3,3,3,2,3,2,2,2,3,4,2
80,1,2,3,2,1,3,1,3,1,2,2,2,2,2,2,2,2,0,0,0,0,0,0,0,0,0,0,0,0,0,0,0,0,0,0,0,0,0,0,0,0,0,0,0,0,0,0,0,0,0,0,0,0,0,0,0,0,0,0,0,2,2,2,2,2,2,4,4,3,3,3,1,2,2,2,2,2,2,2,2,2,2,2,1,2,2,2,2,4,4,2
81,1,2,3,1,1,4,1,3,1,2,2,2,2,2,2,2,2,0,0,0,0,0,0,0,0,0,0,0,0,0,0,0,0,0,0,0,0,0,0,0,0,0,0,0,0,0,0,0,0,0,0,0,0,0,0,0,0,0,0,0,2,2,3,3,2,2,4,4,3,3,3,2,2,2,2,2,3,3,2,2,2,2,2,2,2,1,2,1,2,3,3
82,1,2,2,2,1,4,1,3,1,2,2,2,2,2,2,2,2,0,0,0,0,0,0,0,0,0,0,0,0,0,0,0,0,0,0,0,0,0,0,0,0,0,0,0,0,0,0,0,0,0,0,0,0,0,0,0,0,0,0,0,2,2,2,2,2,2,4,4,4,2,3,2,2,2,2,2,1,1,3,2,2,3,2,2,2,2,2,2,2,3,3
84,1,2,3,1,1,3,1,3,1,2,2,2,2,2,2,2,2,0,0,0,0,0,0,0,0,0,0,0,0,0,0,0,0,0,0,0,0,0,0,0,0,0,0,0,0,0,0,0,0,0,0,0,0,0,0,0,0,0,0,0,2,2,4,1,2,2,4,4,2,2,3,2,1,2,3,1,1,3,1,1,2,2,2,1,1,1,3,1,1,3,2
85,1,3,4,1,1,4,1,1,1,2,2,2,2,2,2,2,2,0,0,0,0,0,0,0,0,0,0,0,0,0,0,0,0,0,0,0,0,0,0,0,0,0,0,0,0,0,0,0,0,0,0,0,0,0,0,0,0,0,0,0,1,1,2,2,2,2,4,4,3,3,4,2,2,2,2,2,2,3,1,1,2,3,4,1,1,1,2,1,2,3,3
86,2,2,3,1,1,4,1,2,1,2,2,2,2,2,2,2,2,0,0,0,0,0,0,0,0,0,0,0,0,0,0,0,0,0,0,0,0,0,0,0,0,0,0,0,0,0,0,0,0,0,0,0,0,0,0,0,0,0,0,0,1,1,1,1,2,2,4,4,2,3,3,2,2,2,2,2,3,3,3,3,2,2,2,2,2,2,2,2,2,2,4
87,2,3,3,1,1,3,1,1,1,2,2,2,2,2,2,2,2,0,0,0,0,0,0,0,0,0,0,0,0,0,0,0,0,0,0,0,0,0,0,0,0,0,0,0,0,0,0,0,0,0,0,0,0,0,0,0,0,0,0,0,1,1,1,1,1,1,5,5,4,3,3,4,3,3,3,2,2,2,1,1,2,2,2,1,2,2,2,2,3,4,1
88,1,2,2,1,1,3,1,3,1,2,2,2,2,2,2,2,2,0,0,0,0,0,0,0,0,0,0,0,0,0,0,0,0,0,0,0,0,0,0,0,0,0,0,0,0,0,0,0,0,0,0,0,0,0,0,0,0,0,0,0,2,2,2,2,1,1,4,4,2,3,2,2,2,2,2,2,2,2,2,2,2,2,3,2,2,2,2,2,2,4,3
89,1,2,3,2,1,3,1,3,1,2,2,2,2,2,2,2,2,0,0,0,0,0,0,0,0,0,0,0,0,0,0,0,0,0,0,0,0,0,0,0,0,0,0,0,0,0,0,0,0,0,0,0,0,0,0,0,0,0,0,0,1,1,1,1,2,2,4,4,2,2,2,2,2,2,2,2,2,2,2,2,2,3,4,1,2,2,2,2,4,4,2
90,1,2,2,2,1,3,1,3,2,1,2,2,2,2,2,2,2,0,0,0,0,0,0,0,0,0,0,0,0,0,0,0,0,0,0,0,0,0,0,0,0,0,0,0,0,0,0,0,0,0,0,0,0,0,0,0,0,0,0,0,1,1,2,2,2,2,4,4,3,3,3,2,3,3,2,1,2,3,1,1,3,4,3,1,1,2,2,1,4,4,2
91,2,2,3,2,1,4,1,3,1,1,2,2,1,2,2,2,2,0,0,0,0,0,0,0,0,0,0,0,0,0,0,0,0,0,0,0,0,0,0,0,0,0,0,0,0,0,0,0,0,0,0,0,0,0,0,0,0,0,0,0,1,1,2,1,4,5,2,2,4,4,3,2,4,4,4,3,2,3,2,2,3,3,3,1,2,2,2,2,4,4,2
92,2,2,2,2,1,4,1,3,1,1,2,2,2,2,2,2,2,0,0,0,0,0,0,0,0,0,0,0,0,0,0,0,0,0,0,0,0,0,0,0,0,0,0,0,0,0,0,0,0,0,0,0,0,0,0,0,0,0,0,0,1,2,3,1,2,2,4,4,3,3,3,1,3,3,3,2,2,3,3,2,3,3,4,1,2,2,2,1,4,4,2
93,1,2,2,2,1,4,1,3,2,2,2,1,2,2,2,2,2,0,0,0,0,0,0,0,0,0,0,0,0,0,0,0,0,0,0,0,0,0,0,0,0,0,0,0,0,0,0,0,0,0,0,0,0,0,0,0,0,0,0,0,1,1,2,2,1,1,4,5,4,4,4,4,2,3,3,2,2,3,2,2,3,3,3,1,2,1,2,1,4,4,1
94,2,4,5,1,1,4,1,1,1,1,2,1,2,2,2,2,2,0,0,0,0,0,0,0,0,0,0,0,0,0,0,0,0,0,0,0,0,0,0,0,0,0,0,0,0,0,0,0,0,0,0,0,0,0,0,0,0,0,0,0,3,2,2,2,3,4,3,3,3,3,3,4,3,2,2,2,4,4,4,3,3,3,2,2,2,2,2,3,3,3,3
96,2,2,3,2,1,3,1,3,1,1,2,2,2,2,2,2,2,0,0,0,0,0,0,0,0,0,0,0,0,0,0,0,0,0,0,0,0,0,0,0,0,0,0,0,0,0,0,0,0,0,0,0,0,0,0,0,0,0,0,0,2,2,2,2,2,2,4,4,3,3,3,2,2,2,3,2,2,2,2,2,3,3,3,2,2,2,2,2,3,4,2
98,2,2,2,2,1,4,1,1,2,1,2,1,2,2,2,2,2,0,0,0,0,0,0,0,0,0,0,0,0,0,0,0,0,0,0,0,0,0,0,0,0,0,0,0,0,0,0,0,0,0,0,0,0,0,0,0,0,0,0,0,1,1,2,2,3,4,2,2,4,4,4,3,4,4,4,4,3,3,3,3,4,4,4,3,3,2,2,2,1,1,1
99,2,2,2,2,1,6,1,2,1,2,2,2,2,2,2,1,2,0,0,0,0,0,0,0,0,0,0,0,0,0,0,0,0,0,0,0,0,0,0,0,0,0,0,0,0,0,0,0,0,0,0,0,0,0,0,0,0,0,0,0,1,1,1,1,2,2,2,1,1,4,4,5,4,5,5,5,4,4,4,5,5,5,5,1,2,2,2,2,5,5,1
101,1,4,2,1,1,3,1,1,1,2,2,1,2,2,2,2,2,0,0,0,0,0,0,0,0,0,0,0,0,0,0,0,0,0,0,0,0,0,0,0,0,0,0,0,0,0,0,0,0,0,0,0,0,0,0,0,0,0,0,0,1,1,1,1,4,4,2,2,1,2,2,2,2,2,2,1,2,2,3,1,3,3,3,1,2,2,1,1,2,4,3
102,1,2,2,2,1,4,1,3,1,1,2,1,2,2,2,2,2,0,0,0,0,0,0,0,0,0,0,0,0,0,0,0,0,0,0,0,0,0,0,0,0,0,0,0,0,0,0,0,0,0,0,0,0,0,0,0,0,0,0,0,2,1,2,1,2,2,4,4,3,3,3,1,2,2,2,2,2,2,2,1,2,2,2,1,2,2,2,2,4,4,2
103,1,2,1,1,1,3,1,1,2,1,2,2,2,2,2,2,2,0,0,0,0,0,0,0,0,0,0,0,0,0,0,0,0,0,0,0,0,0,0,0,0,0,0,0,0,0,0,0,0,0,0,0,0,0,0,0,0,0,0,0,1,1,1,2,2,2,4,4,3,3,3,1,2,1,3,1,2,3,2,2,3,3,2,1,2,2,2,2,3,3,1
104,2,2,2,2,1,4,1,1,1,2,2,1,2,2,2,2,2,0,0,0,0,0,0,0,0,0,0,0,0,0,0,0,0,0,0,0,0,0,0,0,0,0,0,0,0,0,0,0,0,0,0,0,0,0,0,0,0,0,0,0,2,2,2,2,2,2,5,4,3,3,3,2,2,3,3,2,2,2,3,2,3,3,3,1,3,2,2,2,3,4,1
105,2,2,2,1,1,1,1,3,1,2,2,2,2,2,2,2,2,0,0,0,0,0,0,0,0,0,0,0,0,0,0,0,0,0,0,0,0,0,0,0,0,0,0,0,0,0,0,0,0,0,0,0,0,0,0,0,0,0,0,0,1,1,1,1,2,2,4,4,3,3,3,2,2,1,2,1,1,1,1,1,4,4,3,1,2,2,3,1,3,3,3
106,1,2,1,1,1,1,1,1,1,2,2,1,2,2,2,2,2,0,0,0,0,0,0,0,0,0,0,0,0,0,0,0,0,0,0,0,0,0,0,0,0,0,0,0,0,0,0,0,0,0,0,0,0,0,0,0,0,0,0,0,1,2,2,1,2,1,5,5,4,4,4,1,1,1,1,1,1,1,1,1,2,2,2,1,2,2,2,2,3,3,3
107,2,3,2,1,1,4,1,1,1,2,2,2,2,1,2,2,2,0,0,0,0,0,0,0,0,0,0,0,0,0,0,0,0,0,0,0,0,0,0,0,0,0,0,0,0,0,0,0,0,0,0,0,0,0,0,0,0,0,0,0,3,1,1,1,5,5,1,1,5,5,5,5,1,1,5,1,5,5,5,5,5,5,1,1,5,5,5,5,5,5,1
108,1,2,2,2,1,2,1,3,2,2,2,1,2,2,2,2,2,0,0,0,0,0,0,0,0,0,0,0,0,0,0,0,0,0,0,0,0,0,0,0,0,0,0,0,0,0,0,0,0,0,0,0,0,0,0,0,0,0,0,0,1,2,1,1,4,2,3,1,2,5,5,2,1,3,2,3,2,1,2,1,1,2,3,4,4,2,1,2,5,4,1
110,1,3,6,4,1,3,1,1,1,2,2,1,1,2,2,1,2,0,0,0,0,0,0,0,0,0,0,0,0,0,0,0,0,0,0,0,0,0,0,0,0,0,0,0,0,0,0,0,0,0,0,0,0,0,0,0,0,0,0,0,1,1,1,2,2,2,4,4,4,4,4,3,2,4,4,2,4,4,1,1,4,4,3,4,3,4,4,4,1,1,4
113,1,2,1,2,1,5,1,2,2,1,2,2,2,2,1,2,2,0,0,0,0,0,0,0,0,0,0,0,0,0,0,0,0,0,0,0,0,0,0,0,0,0,0,0,0,0,0,0,0,0,0,0,0,0,0,0,0,0,0,0,2,2,2,2,4,4,2,2,4,4,4,4,1,5,5,4,4,4,4,4,4,4,4,4,2,2,2,2,4,4,1
114,1,2,2,2,1,4,1,2,2,1,2,2,2,2,2,2,2,0,0,0,0,0,0,0,0,0,0,0,0,0,0,0,0,0,0,0,0,0,0,0,0,0,0,0,0,0,0,0,0,0,0,0,0,0,0,0,0,0,0,0,3,3,3,3,4,4,2,3,4,4,4,4,4,3,3,2,2,2,2,2,2,4,3,2,2,2,2,2,2,2,2
115,1,2,3,2,1,5,1,3,2,2,2,1,1,2,2,2,2,0,0,0,0,0,0,0,0,0,0,0,0,0,0,0,0,0,0,0,0,0,0,0,0,0,0,0,0,0,0,0,0,0,0,0,0,0,0,0,0,0,0,0,2,2,1,2,3,3,3,3,4,4,4,2,2,2,2,2,2,3,4,4,3,3,2,2,2,2,3,3,4,4,2
116,2,4,1,1,1,4,1,1,1,1,2,2,1,2,1,1,1,3,4,4,4,5,5,5,5,5,3,3,5,2,2,2,2,5,5,1,1,5,5,5,2,3,3,3,3,3,3,5,3,4,4,4,3,5,2,2,3,2,2,2,0,0,0,0,0,0,0,0,0,0,0,0,0,0,0,0,0,0,0,0,0,0,0,0,0,0,0,0,0,0,0
117,2,2,2,2,1,4,1,2,2,2,2,1,2,2,2,2,1,3,4,4,4,4,5,5,5,2,2,2,5,2,2,2,3,1,1,4,4,2,2,1,4,1,1,1,1,3,3,3,3,2,2,3,5,5,5,2,2,1,1,1,0,0,0,0,0,0,0,0,0,0,0,0,0,0,0,0,0,0,0,0,0,0,0,0,0,0,0,0,0,0,0
118,1,2,3,2,1,5,1,1,1,2,2,2,2,2,2,2,1,1,5,4,4,3,5,5,4,3,4,4,5,1,1,2,2,4,5,1,2,1,1,2,2,1,2,2,3,1,2,2,2,1,1,4,2,1,2,2,1,1,2,2,0,0,0,0,0,0,0,0,0,0,0,0,0,0,0,0,0,0,0,0,0,0,0,0,0,0,0,0,0,0,0
120,2,2,2,2,1,4,1,2,2,2,2,1,2,2,2,2,1,1,4,4,4,4,4,4,5,4,4,2,5,2,2,2,2,2,2,2,2,1,2,3,4,2,2,3,2,2,2,2,4,2,2,2,2,2,2,2,2,2,2,2,0,0,0,0,0,0,0,0,0,0,0,0,0,0,0,0,0,0,0,0,0,0,0,0,0,0,0,0,0,0,0
123,2,2,2,2,1,4,1,2,1,1,2,2,1,2,2,2,1,1,3,3,5,5,5,5,3,3,5,3,5,1,1,1,1,4,4,2,2,2,2,2,3,2,2,2,2,2,2,1,2,3,2,2,3,3,4,3,1,1,2,1,0,0,0,0,0,0,0,0,0,0,0,0,0,0,0,0,0,0,0,0,0,0,0,0,0,0,0,0,0,0,0
124,2,2,3,2,1,4,1,1,1,2,2,1,2,2,1,2,1,1,5,4,4,3,5,5,3,4,3,1,5,4,1,1,1,4,4,2,2,2,2,2,2,1,1,1,1,1,2,3,2,2,3,1,2,1,2,3,3,1,3,1,0,0,0,0,0,0,0,0,0,0,0,0,0,0,0,0,0,0,0,0,0,0,0,0,0,0,0,0,0,0,0
125,1,2,5,2,1,4,1,1,2,1,2,2,2,2,2,2,1,1,4,5,4,3,5,5,3,5,5,4,5,1,1,1,1,4,4,1,1,2,2,2,2,1,1,1,1,1,1,1,1,1,1,1,1,2,2,2,2,1,1,1,0,0,0,0,0,0,0,0,0,0,0,0,0,0,0,0,0,0,0,0,0,0,0,0,0,0,0,0,0,0,0
126,1,3,2,2,1,3,1,2,2,1,2,2,2,2,2,2,1,1,5,5,4,5,5,5,4,4,4,3,5,1,2,1,1,3,4,1,2,3,3,3,2,1,1,2,2,2,3,2,2,2,1,2,2,2,4,2,2,2,1,1,0,0,0,0,0,0,0,0,0,0,0,0,0,0,0,0,0,0,0,0,0,0,0,0,0,0,0,0,0,0,0
128,1,2,2,2,1,4,1,3,2,2,2,1,2,2,2,1,1,3,5,4,3,3,5,5,3,5,2,2,5,1,1,1,1,4,4,2,2,2,2,2,2,1,2,1,2,2,1,2,1,2,1,2,4,2,1,2,1,1,2,3,0,0,0,0,0,0,0,0,0,0,0,0,0,0,0,0,0,0,0,0,0,0,0,0,0,0,0,0,0,0,0
132,1,2,2,2,1,3,1,1,1,1,2,2,2,2,2,2,1,1,3,3,5,5,5,5,5,5,3,5,1,1,2,2,1,4,4,2,2,2,2,4,1,1,1,2,1,2,2,2,2,2,2,2,2,3,2,1,1,2,3,1,0,0,0,0,0,0,0,0,0,0,0,0,0,0,0,0,0,0,0,0,0,0,0,0,0,0,0,0,0,0,0
133,2,2,1,1,1,6,1,3,1,1,2,1,1,2,2,2,1,1,4,4,5,5,5,5,5,5,5,1,5,1,1,1,1,4,3,2,2,3,4,3,2,2,2,2,2,3,3,3,2,2,3,4,3,4,4,4,2,2,2,1,0,0,0,0,0,0,0,0,0,0,0,0,0,0,0,0,0,0,0,0,0,0,0,0,0,0,0,0,0,0,0
136,2,4,1,2,1,4,1,1,1,1,2,2,1,1,1,1,1,3,4,4,4,4,5,4,4,4,4,4,5,2,2,2,2,5,5,1,1,3,3,1,2,3,3,3,3,2,3,1,4,1,1,1,3,5,2,2,3,3,3,3,0,0,0,0,0,0,0,0,0,0,0,0,0,0,0,0,0,0,0,0,0,0,0,0,0,0,0,0,0,0,0
137,1,2,1,1,1,4,1,3,1,1,2,1,2,2,2,1,1,1,3,5,5,5,5,5,2,2,4,2,5,3,1,2,2,2,2,3,3,1,3,2,3,1,2,1,1,3,3,3,3,2,3,2,2,2,2,3,4,2,2,2,0,0,0,0,0,0,0,0,0,0,0,0,0,0,0,0,0,0,0,0,0,0,0,0,0,0,0,0,0,0,0
138,2,4,4,2,1,4,1,1,1,2,2,1,2,2,2,1,2,0,0,0,0,0,0,0,0,0,0,0,0,0,0,0,0,0,0,0,0,0,0,0,0,0,0,0,0,0,0,0,0,0,0,0,0,0,0,0,0,0,0,0,4,3,3,3,5,4,1,1,2,2,2,2,5,5,5,5,5,4,4,4,1,5,5,5,1,2,4,4,3,3,4
139,2,3,3,2,1,4,1,1,2,1,2,2,2,2,2,2,2,0,0,0,0,0,0,0,0,0,0,0,0,0,0,0,0,0,0,0,0,0,0,0,0,0,0,0,0,0,0,0,0,0,0,0,0,0,0,0,0,0,0,0,1,3,3,3,5,4,1,1,2,2,2,3,5,5,5,5,5,4,4,4,1,5,5,2,4,4,1,4,2,2,3
141,1,2,2,2,1,3,1,2,2,1,2,2,2,2,2,2,2,0,0,0,0,0,0,0,0,0,0,0,0,0,0,0,0,0,0,0,0,0,0,0,0,0,0,0,0,0,0,0,0,0,0,0,0,0,0,0,0,0,0,0,3,3,4,3,3,4,3,3,3,3,3,4,3,3,3,3,3,4,3,4,4,4,4,3,3,3,4,3,2,3,3
142,2,2,2,2,1,3,1,2,1,2,2,2,2,2,1,2,1,0,0,0,0,0,0,0,0,0,0,0,0,0,0,0,0,0,0,0,0,0,0,0,0,0,0,0,0,0,0,0,0,0,0,0,0,0,0,0,0,0,0,0,0,0,0,0,0,0,0,0,0,0,0,0,0,0,0,0,0,0,0,0,0,0,0,0,0,0,0,0,0,0,0
143,1,2,3,3,1,4,1,2,1,2,2,2,2,2,2,2,2,0,0,0,0,0,0,0,0,0,0,0,0,0,0,0,0,0,0,0,0,0,0,0,0,0,0,0,0,0,0,0,0,0,0,0,0,0,0,0,0,0,0,0,1,3,3,3,4,4,1,1,3,3,3,3,5,5,5,5,5,4,4,4,1,5,5,5,4,4,1,4,3,3,4
146,2,2,5,2,1,4,1,3,1,2,2,2,2,2,2,2,2,0,0,0,0,0,0,0,0,0,0,0,0,0,0,0,0,0,0,0,0,0,0,0,0,0,0,0,0,0,0,0,0,0,0,0,0,0,0,0,0,0,0,0,1,3,3,3,5,4,1,1,4,4,4,1,5,5,5,1,5,4,4,4,1,5,5,2,1,2,3,3,3,3,4
147,1,2,5,2,1,3,1,2,1,2,2,2,2,2,2,2,2,0,0,0,0,0,0,0,0,0,0,0,0,0,0,0,0,0,0,0,0,0,0,0,0,0,0,0,0,0,0,0,0,0,0,0,0,0,0,0,0,0,0,0,4,3,3,3,5,5,1,1,2,2,2,3,5,5,5,5,5,4,4,4,1,5,5,5,1,2,3,3,3,3,5
148,2,2,4,3,1,6,1,1,1,2,1,2,1,2,2,1,2,0,0,0,0,0,0,0,0,0,0,0,0,0,0,0,0,0,0,0,0,0,0,0,0,0,0,0,0,0,0,0,0,0,0,0,0,0,0,0,0,0,0,0,2,3,3,3,5,4,1,1,2,2,2,2,5,5,5,1,5,4,4,4,1,5,5,1,1,2,4,4,4,1,3
149,2,2,2,1,1,4,1,2,1,1,2,2,2,2,2,2,2,0,0,0,0,0,0,0,0,0,0,0,0,0,0,0,0,0,0,0,0,0,0,0,0,0,0,0,0,0,0,0,0,0,0,0,0,0,0,0,0,0,0,0,2,3,3,3,5,5,1,1,4,4,4,1,5,5,5,1,3,4,3,4,4,4,4,3,3,3,3,3,3,3,4
150,1,2,4,1,1,3,1,1,1,2,2,2,2,2,2,2,2,0,0,0,0,0,0,0,0,0,0,0,0,0,0,0,0,0,0,0,0,0,0,0,0,0,0,0,0,0,0,0,0,0,0,0,0,0,0,0,0,0,0,0,1,3,3,3,5,4,1,1,4,4,4,1,5,5,5,5,5,4,4,4,1,5,5,5,4,4,1,4,3,3,5
151,1,2,3,1,1,3,1,2,1,1,2,2,2,2,2,2,2,0,0,0,0,0,0,0,0,0,0,0,0,0,0,0,0,0,0,0,0,0,0,0,0,0,0,0,0,0,0,0,0,0,0,0,0,0,0,0,0,0,0,0,2,3,3,3,5,5,1,1,4,4,4,1,5,5,5,1,5,4,4,4,1,5,5,5,1,2,1,5,3,3,2
152,1,3,4,2,1,4,1,2,1,2,1,1,1,2,2,1,2,0,0,0,0,0,0,0,0,0,0,0,0,0,0,0,0,0,0,0,0,0,0,0,0,0,0,0,0,0,0,0,0,0,0,0,0,0,0,0,0,0,0,0,2,2,2,2,4,4,1,1,4,4,4,3,5,5,5,1,3,4,3,4,4,4,4,3,3,3,4,3,2,3,2
153,1,2,6,2,1,5,1,1,1,2,2,1,2,2,2,1,2,0,0,0,0,0,0,0,0,0,0,0,0,0,0,0,0,0,0,0,0,0,0,0,0,0,0,0,0,0,0,0,0,0,0,0,0,0,0,0,0,0,0,0,3,3,3,3,3,3,3,3,4,4,4,4,3,3,3,3,3,4,3,4,4,4,4,3,3,3,3,3,3,3,4
154,1,2,3,2,1,6,1,2,1,2,2,1,2,2,2,1,2,0,0,0,0,0,0,0,0,0,0,0,0,0,0,0,0,0,0,0,0,0,0,0,0,0,0,0,0,0,0,0,0,0,0,0,0,0,0,0,0,0,0,0,2,2,2,2,5,5,1,1,3,3,3,4,5,5,5,1,5,4,4,4,1,5,5,5,1,2,1,5,3,4,2
155,1,2,4,3,1,3,1,2,1,1,2,2,2,2,2,2,2,0,0,0,0,0,0,0,0,0,0,0,0,0,0,0,0,0,0,0,0,0,0,0,0,0,0,0,0,0,0,0,0,0,0,0,0,0,0,0,0,0,0,0,2,3,3,3,5,5,1,1,4,4,4,1,5,5,5,1,5,4,4,4,1,5,5,5,1,2,4,4,3,3,4
156,1,2,3,2,1,3,1,3,1,1,2,2,2,2,2,2,2,0,0,0,0,0,0,0,0,0,0,0,0,0,0,0,0,0,0,0,0,0,0,0,0,0,0,0,0,0,0,0,0,0,0,0,0,0,0,0,0,0,0,0,0,0,0,0,0,0,0,0,0,0,0,4,3,3,3,3,3,4,3,4,4,4,4,3,3,3,2,3,1,3,3
159,2,2,3,2,1,4,1,3,1,2,2,1,2,2,2,1,2,0,0,0,0,0,0,0,0,0,0,0,0,0,0,0,0,0,0,0,0,0,0,0,0,0,0,0,0,0,0,0,0,0,0,0,0,0,0,0,0,0,0,0,0,0,0,0,0,0,0,0,0,0,0,1,3,3,3,3,5,4,4,4,4,4,4,3,1,2,1,5,1,3,3
160,2,2,1,1,1,4,1,2,1,1,2,2,2,2,2,2,2,0,0,0,0,0,0,0,0,0,0,0,0,0,0,0,0,0,0,0,0,0,0,0,0,0,0,0,0,0,0,0,0,0,0,0,0,0,0,0,0,0,0,0,0,0,0,0,0,0,0,0,0,0,0,1,5,5,3,3,4,2,1,3,1,5,5,5,3,3,4,3,4,5,2
161,1,2,3,2,1,3,1,3,1,1,2,2,2,2,2,2,2,0,0,0,0,0,0,0,0,0,0,0,0,0,0,0,0,0,0,0,0,0,0,0,0,0,0,0,0,0,0,0,0,0,0,0,0,0,0,0,0,0,0,0,0,0,0,0,0,0,0,0,0,0,0,4,5,5,5,1,4,2,1,3,5,5,5,3,4,4,4,4,4,5,2
162,2,2,2,1,1,3,1,1,1,2,2,2,2,2,2,2,2,0,0,0,0,0,0,0,0,0,0,0,0,0,0,0,0,0,0,0,0,0,0,0,0,0,0,0,0,0,0,0,0,0,0,0,0,0,0,0,0,0,0,0,0,0,0,0,0,0,0,0,0,0,0,2,5,5,5,1,5,4,4,4,1,5,5,5,1,2,1,5,3,3,4
163,1,2,3,2,1,3,1,3,1,1,2,2,2,2,2,2,2,0,0,0,0,0,0,0,0,0,0,0,0,0,0,0,0,0,0,0,0,0,0,0,0,0,0,0,0,0,0,0,0,0,0,0,0,0,0,0,0,0,0,0,0,0,0,0,0,0,0,0,0,0,0,4,5,5,5,1,4,2,1,3,4,4,4,3,4,4,4,4,4,5,2
165,1,2,3,2,1,4,1,2,1,2,2,2,2,2,2,2,2,0,0,0,0,0,0,0,0,0,0,0,0,0,0,0,0,0,0,0,0,0,0,0,0,0,0,0,0,0,0,0,0,0,0,0,0,0,0,0,0,0,0,0,0,0,0,0,0,0,0,0,0,0,0,1,5,5,5,1,3,4,3,4,4,4,4,3,3,3,3,5,3,3,5
166,1,2,3,3,1,3,1,2,2,1,2,2,2,2,2,2,2,0,0,0,0,0,0,0,0,0,0,0,0,0,0,0,0,0,0,0,0,0,0,0,0,0,0,0,0,0,0,0,0,0,0,0,0,0,0,0,0,0,0,0,0,0,0,0,0,0,0,0,0,0,0,4,3,3,3,3,3,4,3,4,5,5,5,3,4,4,4,4,4,5,2
167,1,2,5,3,1,6,1,3,1,2,2,2,2,2,2,2,2,0,0,0,0,0,0,0,0,0,0,0,0,0,0,0,0,0,0,0,0,0,0,0,0,0,0,0,0,0,0,0,0,0,0,0,0,0,0,0,0,0,0,0,0,0,0,0,0,0,0,0,0,0,0,3,3,3,3,3,5,4,4,4,4,4,4,3,4,4,4,4,3,3,5
169,2,2,4,2,1,6,1,1,1,2,2,1,2,2,2,1,2,0,0,0,0,0,0,0,0,0,0,0,0,0,0,0,0,0,0,0,0,0,0,0,0,0,0,0,0,0,0,0,0,0,0,0,0,0,0,0,0,0,0,0,0,0,0,0,0,0,0,0,0,0,0,3,3,3,3,3,4,2,1,3,4,4,4,3,4,4,4,4,4,5,2
170,1,2,6,2,1,6,1,1,2,2,2,1,2,2,2,1,2,0,0,0,0,0,0,0,0,0,0,0,0,0,0,0,0,0,0,0,0,0,0,0,0,0,0,0,0,0,0,0,0,0,0,0,0,0,0,0,0,0,0,0,0,0,0,0,0,0,0,0,0,0,0,3,3,3,3,3,3,4,3,4,4,4,4,3,3,3,4,3,2,3,3
171,2,2,4,1,1,3,1,2,1,2,2,2,2,2,2,2,2,0,0,0,0,0,0,0,0,0,0,0,0,0,0,0,0,0,0,0,0,0,0,0,0,0,0,0,0,0,0,0,0,0,0,0,0,0,0,0,0,0,0,0,0,0,0,0,0,0,0,0,0,0,0,4,2,3,3,3,3,4,3,4,5,5,5,3,4,4,4,4,1,3,3
173,1,2,5,3,1,4,1,2,1,2,2,2,2,2,2,1,2,0,0,0,0,0,0,0,0,0,0,0,0,0,0,0,0,0,0,0,0,0,0,0,0,0,0,0,0,0,0,0,0,0,0,0,0,0,0,0,0,0,0,0,0,0,0,0,0,0,0,0,0,0,0,1,5,5,5,1,5,4,4,4,4,4,3,3,1,2,1,5,3,3,5
174,1,2,2,1,1,4,1,3,1,2,2,2,2,2,2,1,2,0,0,0,0,0,0,0,0,0,0,0,0,0,0,0,0,0,0,0,0,0,0,0,0,0,0,0,0,0,0,0,0,0,0,0,0,0,0,0,0,0,0,0,0,0,0,0,0,0,0,0,0,0,0,1,5,5,2,1,5,4,4,4,4,4,4,3,4,4,4,1,3,3,5
175,2,2,3,2,1,5,1,3,1,2,2,1,2,2,2,1,2,0,0,0,0,0,0,0,0,0,0,0,0,0,0,0,0,0,0,0,0,0,0,0,0,0,0,0,0,0,0,0,0,0,0,0,0,0,0,0,0,0,0,0,0,0,0,0,0,0,0,0,0,0,0,4,5,5,5,1,4,2,1,3,1,5,5,3,1,2,4,4,3,3,4
176,2,2,4,2,1,4,1,3,1,2,2,2,2,2,2,2,2,0,0,0,0,0,0,0,0,0,0,0,0,0,0,0,0,0,0,0,0,0,0,0,0,0,0,0,0,0,0,0,0,0,0,0,0,0,0,0,0,0,0,0,0,0,0,0,0,0,0,0,0,0,0,1,5,5,5,1,5,4,4,4,1,5,5,5,1,2,1,5,3,3,5
177,1,2,1,2,1,4,1,3,1,1,2,2,2,2,2,1,2,0,0,0,0,0,0,0,0,0,0,0,0,0,0,0,0,0,0,0,0,0,0,0,0,0,0,0,0,0,0,0,0,0,0,0,0,0,0,0,0,0,0,0,0,0,0,0,0,0,0,0,0,0,0,4,5,5,5,1,1,4,4,4,1,5,5,5,1,2,4,4,3,4,2
178,2,4,3,2,1,4,1,2,1,2,2,1,1,2,2,2,2,0,0,0,0,0,0,0,0,0,0,0,0,0,0,0,0,0,0,0,0,0,0,0,0,0,0,0,0,0,0,0,0,0,0,0,0,0,0,0,0,0,0,0,0,0,0,0,0,0,0,0,0,0,0,1,5,5,5,1,4,2,1,3,4,4,3,3,4,4,4,4,3,4,2
179,1,2,2,2,1,4,1,2,1,2,1,2,1,2,1,1,2,0,0,0,0,0,0,0,0,0,0,0,0,0,0,0,0,0,0,0,0,0,0,0,0,0,0,0,0,0,0,0,0,0,0,0,0,0,0,0,0,0,0,0,0,0,0,0,0,0,0,0,0,0,0,4,5,5,5,2,3,2,2,3,4,4,3,3,4,4,4,4,4,5,3
180,2,2,3,2,1,4,1,3,1,2,2,2,1,2,2,1,2,0,0,0,0,0,0,0,0,0,0,0,0,0,0,0,0,0,0,0,0,0,0,0,0,0,0,0,0,0,0,0,0,0,0,0,0,0,0,0,0,0,0,0,0,0,0,0,0,0,0,0,0,0,0,3,3,5,5,1,4,2,1,3,1,5,5,5,3,2,3,3,4,5,2
182,1,2,2,2,1,4,1,2,1,1,2,2,2,2,1,1,1,1,5,5,4,4,5,5,4,4,4,4,5,2,2,2,2,4,4,2,2,5,5,5,2,3,3,3,3,2,2,2,3,2,2,2,2,5,5,5,1,2,2,2,0,0,0,0,0,0,0,0,0,0,0,0,0,0,0,0,0,0,0,0,0,0,0,0,0,0,0,0,0,0,0
184,2,2,4,2,1,4,1,1,2,1,2,2,1,2,1,1,1,1,4,4,4,5,5,5,5,5,2,2,5,2,2,2,2,4,4,2,2,2,2,2,2,1,1,2,1,2,2,2,2,2,2,2,2,2,2,2,2,1,2,3,0,0,0,0,0,0,0,0,0,0,0,0,0,0,0,0,0,0,0,0,0,0,0,0,0,0,0,0,0,0,0
187,2,2,4,2,1,4,1,2,1,2,2,1,1,2,2,1,2,0,0,0,0,0,0,0,0,0,0,0,0,0,0,0,0,0,0,0,0,0,0,0,0,0,0,0,0,0,0,0,0,0,0,0,0,0,0,0,0,0,0,0,0,0,0,0,0,0,0,0,0,0,0,1,5,5,5,1,5,4,4,4,1,5,5,5,1,2,1,5,3,3,5
188,1,2,4,2,1,4,1,2,1,2,2,2,2,2,2,2,2,0,0,0,0,0,0,0,0,0,0,0,0,0,0,0,0,0,0,0,0,0,0,0,0,0,0,0,0,0,0,0,0,0,0,0,0,0,0,0,0,0,0,0,0,0,0,0,0,0,0,0,0,0,0,1,3,3,3,3,5,4,4,4,5,5,5,3,4,4,4,4,5,4,3
189,2,3,2,1,1,5,1,2,1,1,2,1,1,2,2,1,2,0,0,0,0,0,0,0,0,0,0,0,0,0,0,0,0,0,0,0,0,0,0,0,0,0,0,0,0,0,0,0,0,0,0,0,0,0,0,0,0,0,0,0,0,0,0,0,0,0,0,0,0,0,0,1,5,5,5,1,3,4,3,4,1,5,5,5,3,4,3,3,3,3,5
190,2,2,4,2,1,4,1,3,1,2,2,2,2,2,2,2,2,0,0,0,0,0,0,0,0,0,0,0,0,0,0,0,0,0,0,0,0,0,0,0,0,0,0,0,0,0,0,0,0,0,0,0,0,0,0,0,0,0,0,0,0,0,0,0,0,0,0,0,0,0,0,3,5,4,4,4,4,4,4,3,3,3,1,3,3,3,1,3,3,3,4
191,1,2,3,2,1,4,1,2,1,1,2,1,1,2,2,1,2,0,0,0,0,0,0,0,0,0,0,0,0,0,0,0,0,0,0,0,0,0,0,0,0,0,0,0,0,0,0,0,0,0,0,0,0,0,0,0,0,0,0,0,0,0,0,0,0,0,0,0,0,0,0,3,3,3,3,3,3,2,2,3,4,4,3,3,4,2,4,4,3,4,2
192,2,2,2,1,1,4,1,3,1,2,2,2,2,2,2,2,2,0,0,0,0,0,0,0,0,0,0,0,0,0,0,0,0,0,0,0,0,0,0,0,0,0,0,0,0,0,0,0,0,0,0,0,0,0,0,0,0,0,0,0,0,0,0,0,0,0,0,0,0,0,0,4,4,2,4,4,3,4,3,4,2,2,2,1,4,4,4,3,1,2,3
193,2,2,6,2,1,3,1,2,1,2,2,1,2,2,2,1,2,0,0,0,0,0,0,0,0,0,0,0,0,0,0,0,0,0,0,0,0,0,0,0,0,0,0,0,0,0,0,0,0,0,0,0,0,0,0,0,0,0,0,0,0,0,0,0,0,0,0,0,0,0,0,4,4,2,4,4,3,3,3,3,4,4,4,3,2,2,2,2,2,3,3
194,2,2,2,2,1,6,1,2,1,2,2,2,2,2,2,1,2,0,0,0,0,0,0,0,0,0,0,0,0,0,0,0,0,0,0,0,0,0,0,0,0,0,0,0,0,0,0,0,0,0,0,0,0,0,0,0,0,0,0,0,0,0,0,0,0,0,0,0,0,0,0,4,4,2,4,4,2,2,3,3,3,3,4,3,4,4,4,3,4,2,3
196,1,3,4,3,1,4,1,2,1,2,2,2,2,2,2,2,2,0,0,0,0,0,0,0,0,0,0,0,0,0,0,0,0,0,0,0,0,0,0,0,0,0,0,0,0,0,0,0,0,0,0,0,0,0,0,0,0,0,0,0,0,0,0,0,0,0,0,0,0,0,0,3,3,3,3,3,4,4,4,4,1,4,4,4,1,2,1,4,5,5,2
199,1,5,6,5,1,4,1,1,1,1,1,1,2,2,2,2,2,0,0,0,0,0,0,0,0,0,0,0,0,0,0,0,0,0,0,0,0,0,0,0,0,0,0,0,0,0,0,0,0,0,0,0,0,0,0,0,0,0,0,0,0,0,0,0,0,0,0,0,0,0,0,2,2,2,2,2,2,2,2,2,2,2,2,2,2,2,2,2,4,4,2
200,2,4,2,1,1,4,1,1,1,1,2,1,2,2,2,2,1,1,4,4,5,5,5,5,5,5,1,1,5,1,1,1,1,4,4,2,2,4,4,4,4,2,2,2,2,2,2,2,2,2,2,2,2,2,2,2,2,2,2,2,0,0,0,0,0,0,0,0,0,0,0,0,0,0,0,0,0,0,0,0,0,0,0,0,0,0,0,0,0,0,0
203,1,4,1,1,1,4,1,1,1,1,2,1,2,2,2,2,1,1,5,5,5,5,5,5,5,5,1,1,5,2,2,2,2,4,4,2,2,2,2,2,2,2,2,2,2,2,2,2,2,2,2,2,2,2,2,2,2,2,2,2,0,0,0,0,0,0,0,0,0,0,0,0,0,0,0,0,0,0,0,0,0,0,0,0,0,0,0,0,0,0,0
209,2,4,1,1,1,4,1,1,1,1,1,1,1,1,1,1,2,0,0,0,0,0,0,0,0,0,0,0,0,0,0,0,0,0,0,0,0,0,0,0,0,0,0,0,0,0,0,0,0,0,0,0,0,0,0,0,0,0,0,0,0,0,0,0,0,0,0,0,0,0,0,2,2,2,2,2,1,1,1,1,1,1,1,1,2,2,2,2,2,2,4
214,1,4,3,2,1,3,1,1,1,1,2,1,2,2,2,2,2,0,0,0,0,0,0,0,0,0,0,0,0,0,0,0,0,0,0,0,0,0,0,0,0,0,0,0,0,0,0,0,0,0,0,0,0,0,0,0,0,0,0,0,0,0,0,0,0,0,0,0,0,0,0,4,2,2,2,2,2,2,2,2,2,2,2,2,1,1,1,1,4,4,2
220,2,2,2,1,1,4,1,1,1,1,2,1,2,2,2,2,2,0,0,0,0,0,0,0,0,0,0,0,0,0,0,0,0,0,0,0,0,0,0,0,0,0,0,0,0,0,0,0,0,0,0,0,0,0,0,0,0,0,0,0,0,0,0,0,0,0,0,0,0,0,0,0,2,2,2,2,1,1,1,1,1,1,1,1,2,2,2,1,2,2,2